map_id,map_name,team,total,known,wins,losses,draws,unknown,win_rate,wilson_low,wilson_high,all_replays_win_rate_lower,all_replays_win_rate_upper
04_himmelsdorf,锡默尔斯多夫,1,7,4,0,4,0,3,0.0,0.0,0.4898908364545973,0.0,0.42857142857142855
05_prohorovka,普罗霍洛夫卡,1,6,6,1,5,0,0,0.16666666666666666,0.030053369748306635,0.5635028221864702,0.16666666666666666,0.16666666666666666
14_siegfried_line,齐格菲防线,2,12,10,2,8,0,2,0.2,0.05668215145437519,0.5098375284633583,0.16666666666666666,0.3333333333333333
11_murovanka,穆勒万卡,2,9,7,2,5,0,2,0.2857142857142857,0.08221892400405678,0.6410655481673808,0.2222222222222222,0.4444444444444444
10_hills,湖边的角逐,2,9,6,2,4,0,3,0.3333333333333333,0.09677141110578041,0.700006684861608,0.2222222222222222,0.5555555555555556
115_sweden_comp7_nb,冰川之地: 夜间,1,4,3,1,2,0,1,0.3333333333333333,0.06149194472039621,0.7923403991979522,0.25,0.5
35_steppes_comp7_nb,荒蛮之地: 夜间,2,13,12,4,8,0,1,0.3333333333333333,0.13812009109121315,0.6093779111272004,0.3076923076923077,0.38461538461538464
04_himmelsdorf,锡默尔斯多夫,2,13,10,4,6,0,3,0.4,0.16818032970623614,0.6873262302663417,0.3076923076923077,0.5384615384615384
10_hills,湖边的角逐,1,7,5,2,3,0,2,0.4,0.11762077423264783,0.769275718723987,0.2857142857142857,0.5714285714285714
18_cliff,海岸争霸,1,8,5,2,3,0,3,0.4,0.11762077423264783,0.769275718723987,0.25,0.625
29_el_hallouf,埃里-哈罗夫,1,8,5,2,3,0,3,0.4,0.11762077423264783,0.769275718723987,0.25,0.625
121_lost_paradise_v,牡蛎湾,2,8,7,3,4,0,1,0.42857142857142855,0.15821985525146975,0.7495416354723428,0.375,0.5
31_airfield,阿拉曼机场,1,11,9,4,5,0,2,0.4444444444444444,0.18877852109766452,0.733348706504507,0.36363636363636365,0.5454545454545454
99_poland,斯杜季昂奇,2,11,9,4,5,0,2,0.4444444444444444,0.18877852109766452,0.733348706504507,0.36363636363636365,0.5454545454545454
08_ruinberg,鲁别克,2,6,4,2,2,0,2,0.5,0.15003898915214947,0.8499610108478506,0.3333333333333333,0.6666666666666666
114_czech,布拉格,1,9,8,4,4,0,1,0.5,0.21521606221387757,0.7847839377861224,0.4444444444444444,0.5555555555555556
114_czech,布拉格,2,6,4,2,2,0,2,0.5,0.15003898915214947,0.8499610108478506,0.3333333333333333,0.6666666666666666
128_last_frontier_v_comp7_nb,前哨: 夜间,1,9,8,4,4,0,1,0.5,0.21521606221387757,0.7847839377861224,0.4444444444444444,0.5555555555555556
29_el_hallouf,埃里-哈罗夫,2,4,4,2,2,0,0,0.5,0.15003898915214947,0.8499610108478506,0.5,0.5
35_steppes_comp7_nb,荒蛮之地: 夜间,1,4,4,2,2,0,0,0.5,0.15003898915214947,0.8499610108478506,0.5,0.5
44_north_america,里夫奥克斯,1,8,8,4,4,0,0,0.5,0.21521606221387757,0.7847839377861224,0.5,0.5
99_poland,斯杜季昂奇,1,11,10,5,5,0,1,0.5,0.236593090512564,0.7634069094874361,0.45454545454545453,0.5454545454545454
05_prohorovka,普罗霍洛夫卡,2,11,7,4,3,0,4,0.5714285714285714,0.2504583645276572,0.8417801447485302,0.36363636363636365,0.7272727272727273
11_murovanka,穆勒万卡,1,8,7,4,3,0,1,0.5714285714285714,0.2504583645276572,0.8417801447485302,0.5,0.625
44_north_america,里夫奥克斯,2,8,7,4,3,0,1,0.5714285714285714,0.2504583645276572,0.8417801447485302,0.5,0.625
95_lost_city_ctf,魅影小镇,1,14,12,7,5,0,2,0.5833333333333334,0.31951131254954973,0.8067396863412435,0.5,0.6428571428571429
06_ensk,安斯克,1,6,5,3,2,0,1,0.6,0.2307242812760128,0.882379225767352,0.5,0.6666666666666666
18_cliff,海岸争霸,2,7,5,3,2,0,2,0.6,0.2307242812760128,0.882379225767352,0.42857142857142855,0.7142857142857143
63_tundra,喀秋莎,1,12,10,6,4,0,2,0.6,0.31267376973365824,0.8318196702937638,0.5,0.6666666666666666
08_ruinberg,鲁别克,1,8,6,4,2,0,2,0.6666666666666666,0.299993315138392,0.9032285888942195,0.5,0.75
121_lost_paradise_v,牡蛎湾,1,9,6,4,2,0,3,0.6666666666666666,0.299993315138392,0.9032285888942195,0.4444444444444444,0.7777777777777778
127_japort,避风港,2,12,9,6,3,0,3,0.6666666666666666,0.3542021355803963,0.879416181613089,0.5,0.75
23_westfeld,韦斯特菲尔德,1,12,9,6,3,0,3,0.6666666666666666,0.3542021355803963,0.879416181613089,0.5,0.75
28_desert_comp7_nb,荒漠小镇: 夜间,1,6,6,4,2,0,0,0.6666666666666666,0.299993315138392,0.9032285888942195,0.6666666666666666,0.6666666666666666
95_lost_city_ctf,魅影小镇,2,3,3,2,1,0,0,0.6666666666666666,0.2076596008020477,0.9385080552796037,0.6666666666666666,0.6666666666666666
06_ensk,安斯克,2,6,4,3,1,0,2,0.75,0.30064184258240184,0.9544127391902995,0.5,0.8333333333333334
115_sweden_comp7_nb,冰川之地: 夜间,2,13,8,6,2,0,5,0.75,0.40927543031016883,0.9285207872478909,0.46153846153846156,0.8461538461538461
23_westfeld,韦斯特菲尔德,2,9,8,6,2,0,1,0.75,0.40927543031016883,0.9285207872478909,0.6666666666666666,0.7777777777777778
31_airfield,阿拉曼机场,2,11,9,7,2,0,2,0.7777777777777778,0.45258896910698887,0.9367748928821533,0.6363636363636364,0.8181818181818182
128_last_frontier_v_comp7_nb,前哨: 夜间,2,11,7,6,1,0,4,0.8571428571428571,0.4868721707256811,0.9743203756552565,0.5454545454545454,0.9090909090909091
127_japort,避风港,1,3,2,2,0,0,1,1.0,0.34238022750665303,1.0,0.6666666666666666,1.0
14_siegfried_line,齐格菲防线,1,8,5,5,0,0,3,1.0,0.5655175352168251,1.0,0.625,1.0
28_desert_comp7_nb,荒漠小镇: 夜间,2,3,2,2,0,0,1,1.0,0.34238022750665303,1.0,0.6666666666666666,1.0
63_tundra,喀秋莎,2,6,6,6,0,0,0,1.0,0.6096657120978346,1.0,1.0,1.0
