map_id,map_name,header_vehicle,total,known,wins,losses,draws,unknown,win_rate,wilson_low,wilson_high,all_replays_win_rate_lower,all_replays_win_rate_upper
04_himmelsdorf,锡默尔斯多夫,china:Ch29_Type_62C_prot,1,1,0,1,0,0,0.0,0.0,0.7934506856227626,0.0,0.0
04_himmelsdorf,锡默尔斯多夫,ussr:R148_Object_430_U,9,5,0,5,0,4,0.0,0.0,0.43448246478317476,0.0,0.4444444444444444
05_prohorovka,普罗霍洛夫卡,china:Ch29_Type_62C_prot,2,2,0,2,0,0,0.0,0.0,0.6576197724933469,0.0,0.0
05_prohorovka,普罗霍洛夫卡,japan:J40_Type_71,2,2,0,2,0,0,0.0,0.0,0.6576197724933469,0.0,0.0
08_ruinberg,鲁别克,usa:A83_T110E4,1,1,0,1,0,0,0.0,0.0,0.7934506856227626,0.0,0.0
08_ruinberg,鲁别克,ussr:R88_Object268,1,1,0,1,0,0,0.0,0.0,0.7934506856227626,0.0,0.0
10_hills,湖边的角逐,germany:G121_Grille_15_L63,2,2,0,2,0,0,0.0,0.0,0.6576197724933469,0.0,0.0
10_hills,湖边的角逐,ussr:R88_Object268,2,2,0,2,0,0,0.0,0.0,0.6576197724933469,0.0,0.0
115_sweden_comp7_nb,冰川之地: 夜间,china:Ch29_Type_62C_prot,4,3,0,3,0,1,0.0,5.551115123125783e-17,0.5614970317550454,0.0,0.25
115_sweden_comp7_nb,冰川之地: 夜间,france:F10_AMX_50B,2,1,0,1,0,1,0.0,0.0,0.7934506856227626,0.0,0.5
11_murovanka,穆勒万卡,china:Ch29_Type_62C_prot,2,1,0,1,0,1,0.0,0.0,0.7934506856227626,0.0,0.5
11_murovanka,穆勒万卡,germany:G125_Spz_57_Rh,1,1,0,1,0,0,0.0,0.0,0.7934506856227626,0.0,0.0
11_murovanka,穆勒万卡,japan:J40_Type_71,1,1,0,1,0,0,0.0,0.0,0.7934506856227626,0.0,0.0
121_lost_paradise_v,牡蛎湾,china:Ch48_BZ_75,2,2,0,2,0,0,0.0,0.0,0.6576197724933469,0.0,0.0
127_japort,避风港,china:Ch29_Type_62C_prot,1,1,0,1,0,0,0.0,0.0,0.7934506856227626,0.0,0.0
128_last_frontier_v_comp7_nb,前哨: 夜间,france:F64_AMX_50Fosh_B,3,1,0,1,0,2,0.0,0.0,0.7934506856227626,0.0,0.6666666666666666
128_last_frontier_v_comp7_nb,前哨: 夜间,germany:G89_Leopard1,1,1,0,1,0,0,0.0,0.0,0.7934506856227626,0.0,0.0
128_last_frontier_v_comp7_nb,前哨: 夜间,ussr:R97_Object_140,1,1,0,1,0,0,0.0,0.0,0.7934506856227626,0.0,0.0
14_siegfried_line,齐格菲防线,germany:G125_Spz_57_Rh,1,1,0,1,0,0,0.0,0.0,0.7934506856227626,0.0,0.0
14_siegfried_line,齐格菲防线,ussr:R97_Object_140,1,1,0,1,0,0,0.0,0.0,0.7934506856227626,0.0,0.0
18_cliff,海岸争霸,france:F10_AMX_50B,1,1,0,1,0,0,0.0,0.0,0.7934506856227626,0.0,0.0
18_cliff,海岸争霸,france:F64_AMX_50Fosh_B,1,1,0,1,0,0,0.0,0.0,0.7934506856227626,0.0,0.0
28_desert_comp7_nb,荒漠小镇: 夜间,ussr:R88_Object268,1,1,0,1,0,0,0.0,0.0,0.7934506856227626,0.0,0.0
29_el_hallouf,埃里-哈罗夫,france:F10_AMX_50B,4,3,0,3,0,1,0.0,5.551115123125783e-17,0.5614970317550454,0.0,0.25
29_el_hallouf,埃里-哈罗夫,germany:G121_Grille_15_L63,1,1,0,1,0,0,0.0,0.0,0.7934506856227626,0.0,0.0
31_airfield,阿拉曼机场,germany:G125_Spz_57_Rh,2,2,0,2,0,0,0.0,0.0,0.6576197724933469,0.0,0.0
35_steppes_comp7_nb,荒蛮之地: 夜间,france:F108_Panhard_EBR_105,1,1,0,1,0,0,0.0,0.0,0.7934506856227626,0.0,0.0
35_steppes_comp7_nb,荒蛮之地: 夜间,france:F10_AMX_50B,1,1,0,1,0,0,0.0,0.0,0.7934506856227626,0.0,0.0
44_north_america,里夫奥克斯,france:F18_Bat_Chatillon25t,1,1,0,1,0,0,0.0,0.0,0.7934506856227626,0.0,0.0
44_north_america,里夫奥克斯,france:F64_AMX_50Fosh_B,1,1,0,1,0,0,0.0,0.0,0.7934506856227626,0.0,0.0
44_north_america,里夫奥克斯,ussr:R97_Object_140,2,2,0,2,0,0,0.0,0.0,0.6576197724933469,0.0,0.0
63_tundra,喀秋莎,germany:G73_E50_Ausf_M,1,1,0,1,0,0,0.0,0.0,0.7934506856227626,0.0,0.0
99_poland,斯杜季昂奇,germany:G121_Grille_15_L63,2,1,0,1,0,1,0.0,0.0,0.7934506856227626,0.0,0.5
99_poland,斯杜季昂奇,japan:J20_Type_2605,1,1,0,1,0,0,0.0,0.0,0.7934506856227626,0.0,0.0
99_poland,斯杜季昂奇,ussr:R148_Object_430_U,2,1,0,1,0,1,0.0,0.0,0.7934506856227626,0.0,0.5
35_steppes_comp7_nb,荒蛮之地: 夜间,china:Ch29_Type_62C_prot,5,5,1,4,0,0,0.2,0.03622410863243014,0.6244653702374747,0.2,0.2
114_czech,布拉格,germany:G89_Leopard1,4,4,1,3,0,0,0.25,0.04558726080970055,0.6993581574175981,0.25,0.25
04_himmelsdorf,锡默尔斯多夫,ussr:R88_Object268,6,6,2,4,0,0,0.3333333333333333,0.09677141110578041,0.700006684861608,0.3333333333333333,0.3333333333333333
05_prohorovka,普罗霍洛夫卡,ussr:R97_Object_140,4,3,1,2,0,1,0.3333333333333333,0.06149194472039621,0.7923403991979522,0.25,0.5
06_ensk,安斯克,ussr:R88_Object268,3,3,1,2,0,0,0.3333333333333333,0.06149194472039621,0.7923403991979522,0.3333333333333333,0.3333333333333333
11_murovanka,穆勒万卡,germany:G89_Leopard1,3,3,1,2,0,0,0.3333333333333333,0.06149194472039621,0.7923403991979522,0.3333333333333333,0.3333333333333333
121_lost_paradise_v,牡蛎湾,china:Ch29_Type_62C_prot,3,3,1,2,0,0,0.3333333333333333,0.06149194472039621,0.7923403991979522,0.3333333333333333,0.3333333333333333
14_siegfried_line,齐格菲防线,poland:Pl29_NC_Wz_70T,5,3,1,2,0,2,0.3333333333333333,0.06149194472039621,0.7923403991979522,0.2,0.6
31_airfield,阿拉曼机场,japan:J40_Type_71,4,3,1,2,0,1,0.3333333333333333,0.06149194472039621,0.7923403991979522,0.25,0.5
95_lost_city_ctf,魅影小镇,france:F10_AMX_50B,4,3,1,2,0,1,0.3333333333333333,0.06149194472039621,0.7923403991979522,0.25,0.5
99_poland,斯杜季昂奇,germany:G89_Leopard1,3,3,1,2,0,0,0.3333333333333333,0.06149194472039621,0.7923403991979522,0.3333333333333333,0.3333333333333333
99_poland,斯杜季昂奇,ussr:R88_Object268,3,3,1,2,0,0,0.3333333333333333,0.06149194472039621,0.7923403991979522,0.3333333333333333,0.3333333333333333
14_siegfried_line,齐格菲防线,usa:A83_T110E4,8,5,2,3,0,3,0.4,0.11762077423264783,0.769275718723987,0.25,0.625
23_westfeld,韦斯特菲尔德,china:Ch29_Type_62C_prot,6,5,2,3,0,1,0.4,0.11762077423264783,0.769275718723987,0.3333333333333333,0.5
35_steppes_comp7_nb,荒蛮之地: 夜间,japan:J40_Type_71,5,5,2,3,0,0,0.4,0.11762077423264783,0.769275718723987,0.4,0.4
05_prohorovka,普罗霍洛夫卡,ussr:R88_Object268,5,4,2,2,0,1,0.5,0.15003898915214947,0.8499610108478506,0.4,0.6
10_hills,湖边的角逐,france:F10_AMX_50B,4,4,2,2,0,0,0.5,0.15003898915214947,0.8499610108478506,0.5,0.5
114_czech,布拉格,china:Ch29_Type_62C_prot,4,4,2,2,0,0,0.5,0.15003898915214947,0.8499610108478506,0.5,0.5
114_czech,布拉格,usa:A83_T110E4,3,2,1,1,0,1,0.5,0.09453120573423074,0.9054687942657693,0.3333333333333333,0.6666666666666666
11_murovanka,穆勒万卡,france:F10_AMX_50B,7,6,3,3,0,1,0.5,0.1876163064826506,0.8123836935173494,0.42857142857142855,0.5714285714285714
127_japort,避风港,ussr:R88_Object268,5,4,2,2,0,1,0.5,0.15003898915214947,0.8499610108478506,0.4,0.6
14_siegfried_line,齐格菲防线,china:Ch29_Type_62C_prot,2,2,1,1,0,0,0.5,0.09453120573423074,0.9054687942657693,0.5,0.5
18_cliff,海岸争霸,china:Ch29_Type_62C_prot,2,2,1,1,0,0,0.5,0.09453120573423074,0.9054687942657693,0.5,0.5
18_cliff,海岸争霸,ussr:R88_Object268,3,2,1,1,0,1,0.5,0.09453120573423074,0.9054687942657693,0.3333333333333333,0.6666666666666666
23_westfeld,韦斯特菲尔德,china:Ch48_BZ_75,3,2,1,1,0,1,0.5,0.09453120573423074,0.9054687942657693,0.3333333333333333,0.6666666666666666
29_el_hallouf,埃里-哈罗夫,ussr:R88_Object268,2,2,1,1,0,0,0.5,0.09453120573423074,0.9054687942657693,0.5,0.5
35_steppes_comp7_nb,荒蛮之地: 夜间,france:F64_AMX_50Fosh_B,2,2,1,1,0,0,0.5,0.09453120573423074,0.9054687942657693,0.5,0.5
44_north_america,里夫奥克斯,germany:G89_Leopard1,2,2,1,1,0,0,0.5,0.09453120573423074,0.9054687942657693,0.5,0.5
44_north_america,里夫奥克斯,ussr:R88_Object268,2,2,1,1,0,0,0.5,0.09453120573423074,0.9054687942657693,0.5,0.5
63_tundra,喀秋莎,ussr:R88_Object268,4,2,1,1,0,2,0.5,0.09453120573423074,0.9054687942657693,0.25,0.75
95_lost_city_ctf,魅影小镇,poland:Pl21_CS_63,2,2,1,1,0,0,0.5,0.09453120573423074,0.9054687942657693,0.5,0.5
99_poland,斯杜季昂奇,france:F10_AMX_50B,3,2,1,1,0,1,0.5,0.09453120573423074,0.9054687942657693,0.3333333333333333,0.6666666666666666
06_ensk,安斯克,france:F10_AMX_50B,3,3,2,1,0,0,0.6666666666666666,0.2076596008020477,0.9385080552796037,0.6666666666666666,0.6666666666666666
08_ruinberg,鲁别克,france:F10_AMX_50B,6,3,2,1,0,3,0.6666666666666666,0.2076596008020477,0.9385080552796037,0.3333333333333333,0.8333333333333334
10_hills,湖边的角逐,ussr:R97_Object_140,4,3,2,1,0,1,0.6666666666666666,0.2076596008020477,0.9385080552796037,0.5,0.75
121_lost_paradise_v,牡蛎湾,ussr:R88_Object268,6,3,2,1,0,3,0.6666666666666666,0.2076596008020477,0.9385080552796037,0.3333333333333333,0.8333333333333334
128_last_frontier_v_comp7_nb,前哨: 夜间,china:Ch29_Type_62C_prot,3,3,2,1,0,0,0.6666666666666666,0.2076596008020477,0.9385080552796037,0.6666666666666666,0.6666666666666666
128_last_frontier_v_comp7_nb,前哨: 夜间,france:F10_AMX_50B,4,3,2,1,0,1,0.6666666666666666,0.2076596008020477,0.9385080552796037,0.5,0.75
18_cliff,海岸争霸,france:F18_Bat_Chatillon25t,5,3,2,1,0,2,0.6666666666666666,0.2076596008020477,0.9385080552796037,0.4,0.8
23_westfeld,韦斯特菲尔德,poland:Pl29_NC_Wz_70T,4,3,2,1,0,1,0.6666666666666666,0.2076596008020477,0.9385080552796037,0.5,0.75
95_lost_city_ctf,魅影小镇,china:Ch29_Type_62C_prot,6,6,4,2,0,0,0.6666666666666666,0.299993315138392,0.9032285888942195,0.6666666666666666,0.6666666666666666
95_lost_city_ctf,魅影小镇,germany:G89_Leopard1,3,3,2,1,0,0,0.6666666666666666,0.2076596008020477,0.9385080552796037,0.6666666666666666,0.6666666666666666
99_poland,斯杜季昂奇,ussr:R97_Object_140,3,3,2,1,0,0,0.6666666666666666,0.2076596008020477,0.9385080552796037,0.6666666666666666,0.6666666666666666
31_airfield,阿拉曼机场,china:Ch29_Type_62C_prot,8,7,5,2,0,1,0.7142857142857143,0.35893445183261935,0.9177810759959433,0.625,0.75
08_ruinberg,鲁别克,ussr:R148_Object_430_U,4,4,3,1,0,0,0.75,0.30064184258240184,0.9544127391902995,0.75,0.75
121_lost_paradise_v,牡蛎湾,japan:J40_Type_71,4,4,3,1,0,0,0.75,0.30064184258240184,0.9544127391902995,0.75,0.75
99_poland,斯杜季昂奇,china:Ch29_Type_62C_prot,4,4,3,1,0,0,0.75,0.30064184258240184,0.9544127391902995,0.75,0.75
28_desert_comp7_nb,荒漠小镇: 夜间,france:F108_Panhard_EBR_105,5,5,4,1,0,0,0.8,0.37553462976252533,0.9637758913675698,0.8,0.8
31_airfield,阿拉曼机场,ussr:R88_Object268,6,5,4,1,0,1,0.8,0.37553462976252533,0.9637758913675698,0.6666666666666666,0.8333333333333334
44_north_america,里夫奥克斯,china:Ch29_Type_62C_prot,6,5,4,1,0,1,0.8,0.37553462976252533,0.9637758913675698,0.6666666666666666,0.8333333333333334
63_tundra,喀秋莎,japan:J40_Type_71,12,12,10,2,0,0,0.8333333333333334,0.5519691377470266,0.9530348578161463,0.8333333333333334,0.8333333333333334
04_himmelsdorf,锡默尔斯多夫,ussr:R97_Object_140,2,2,2,0,0,0,1.0,0.34238022750665303,1.0,1.0,1.0
05_prohorovka,普罗霍洛夫卡,france:F10_AMX_50B,1,1,1,0,0,0,1.0,0.20654931437723745,1.0,1.0,1.0
05_prohorovka,普罗霍洛夫卡,ussr:R148_Object_430_U,2,1,1,0,0,1,1.0,0.20654931437723745,1.0,0.5,1.0
06_ensk,安斯克,germany:G42_Maus,2,2,2,0,0,0,1.0,0.34238022750665303,1.0,1.0,1.0
06_ensk,安斯克,usa:A83_T110E4,2,1,1,0,0,1,1.0,0.20654931437723745,1.0,0.5,1.0
08_ruinberg,鲁别克,ussr:R97_Object_140,2,1,1,0,0,1,1.0,0.20654931437723745,1.0,0.5,1.0
114_czech,布拉格,france:F18_Bat_Chatillon25t,2,1,1,0,0,1,1.0,0.20654931437723745,1.0,0.5,1.0
114_czech,布拉格,germany:G125_Spz_57_Rh,1,1,1,0,0,0,1.0,0.20654931437723745,1.0,1.0,1.0
115_sweden_comp7_nb,冰川之地: 夜间,germany:G121_Grille_15_L63,1,1,1,0,0,0,1.0,0.20654931437723745,1.0,1.0,1.0
115_sweden_comp7_nb,冰川之地: 夜间,germany:G125_Spz_57_Rh,2,2,2,0,0,0,1.0,0.34238022750665303,1.0,1.0,1.0
115_sweden_comp7_nb,冰川之地: 夜间,germany:G89_Leopard1,3,2,2,0,0,1,1.0,0.34238022750665303,1.0,0.6666666666666666,1.0
115_sweden_comp7_nb,冰川之地: 夜间,ussr:R88_Object268,2,1,1,0,0,1,1.0,0.20654931437723745,1.0,0.5,1.0
115_sweden_comp7_nb,冰川之地: 夜间,ussr:R97_Object_140,2,1,1,0,0,1,1.0,0.20654931437723745,1.0,0.5,1.0
11_murovanka,穆勒万卡,poland:Pl21_CS_63,1,1,1,0,0,0,1.0,0.20654931437723745,1.0,1.0,1.0
11_murovanka,穆勒万卡,ussr:R148_Object_430_U,2,1,1,0,0,1,1.0,0.20654931437723745,1.0,0.5,1.0
121_lost_paradise_v,牡蛎湾,poland:Pl29_NC_Wz_70T,2,1,1,0,0,1,1.0,0.20654931437723745,1.0,0.5,1.0
127_japort,避风港,germany:G121_Grille_15_L63,1,1,1,0,0,0,1.0,0.20654931437723745,1.0,1.0,1.0
127_japort,避风港,germany:G73_E50_Ausf_M,1,1,1,0,0,0,1.0,0.20654931437723745,1.0,1.0,1.0
127_japort,避风港,poland:Pl21_CS_63,5,3,3,0,0,2,1.0,0.4385029682449546,1.0,0.6,1.0
127_japort,避风港,ussr:R97_Object_140,2,1,1,0,0,1,1.0,0.20654931437723745,1.0,0.5,1.0
128_last_frontier_v_comp7_nb,前哨: 夜间,ussr:R88_Object268,6,6,6,0,0,0,1.0,0.6096657120978346,1.0,1.0,1.0
14_siegfried_line,齐格菲防线,ussr:R88_Object268,3,3,3,0,0,0,1.0,0.4385029682449546,1.0,1.0,1.0
18_cliff,海岸争霸,poland:Pl21_CS_63,3,1,1,0,0,2,1.0,0.20654931437723745,1.0,0.3333333333333333,1.0
23_westfeld,韦斯特菲尔德,france:F10_AMX_50B,3,2,2,0,0,1,1.0,0.34238022750665303,1.0,0.6666666666666666,1.0
23_westfeld,韦斯特菲尔德,germany:G121_Grille_15_L63,1,1,1,0,0,0,1.0,0.20654931437723745,1.0,1.0,1.0
23_westfeld,韦斯特菲尔德,japan:J40_Type_71,1,1,1,0,0,0,1.0,0.20654931437723745,1.0,1.0,1.0
23_westfeld,韦斯特菲尔德,ussr:R88_Object268,2,2,2,0,0,0,1.0,0.34238022750665303,1.0,1.0,1.0
23_westfeld,韦斯特菲尔德,ussr:R97_Object_140,1,1,1,0,0,0,1.0,0.20654931437723745,1.0,1.0,1.0
28_desert_comp7_nb,荒漠小镇: 夜间,germany:G121_Grille_15_L63,1,1,1,0,0,0,1.0,0.20654931437723745,1.0,1.0,1.0
28_desert_comp7_nb,荒漠小镇: 夜间,ussr:R148_Object_430_U,1,1,1,0,0,0,1.0,0.20654931437723745,1.0,1.0,1.0
29_el_hallouf,埃里-哈罗夫,china:Ch48_BZ_75,1,1,1,0,0,0,1.0,0.20654931437723745,1.0,1.0,1.0
29_el_hallouf,埃里-哈罗夫,japan:J40_Type_71,2,2,2,0,0,0,1.0,0.34238022750665303,1.0,1.0,1.0
31_airfield,阿拉曼机场,france:F10_AMX_50B,1,1,1,0,0,0,1.0,0.20654931437723745,1.0,1.0,1.0
35_steppes_comp7_nb,荒蛮之地: 夜间,germany:G125_Spz_57_Rh,2,1,1,0,0,1,1.0,0.20654931437723745,1.0,0.5,1.0
35_steppes_comp7_nb,荒蛮之地: 夜间,ussr:R97_Object_140,1,1,1,0,0,0,1.0,0.20654931437723745,1.0,1.0,1.0
44_north_america,里夫奥克斯,france:F10_AMX_50B,1,1,1,0,0,0,1.0,0.20654931437723745,1.0,1.0,1.0
44_north_america,里夫奥克斯,ussr:R148_Object_430_U,1,1,1,0,0,0,1.0,0.20654931437723745,1.0,1.0,1.0
63_tundra,喀秋莎,ussr:R97_Object_140,1,1,1,0,0,0,1.0,0.20654931437723745,1.0,1.0,1.0
95_lost_city_ctf,魅影小镇,ussr:R88_Object268,1,1,1,0,0,0,1.0,0.20654931437723745,1.0,1.0,1.0
99_poland,斯杜季昂奇,france:F18_Bat_Chatillon25t,1,1,1,0,0,0,1.0,0.20654931437723745,1.0,1.0,1.0
04_himmelsdorf,锡默尔斯多夫,france:F10_AMX_50B,2,0,0,0,0,2,,,,0.0,1.0
05_prohorovka,普罗霍洛夫卡,germany:G121_Grille_15_L63,1,0,0,0,0,1,,,,0.0,1.0
06_ensk,安斯克,ussr:R148_Object_430_U,1,0,0,0,0,1,,,,0.0,1.0
06_ensk,安斯克,ussr:R97_Object_140,1,0,0,0,0,1,,,,0.0,1.0
10_hills,湖边的角逐,china:Ch29_Type_62C_prot,2,0,0,0,0,2,,,,0.0,1.0
10_hills,湖边的角逐,poland:Pl21_CS_63,1,0,0,0,0,1,,,,0.0,1.0
10_hills,湖边的角逐,ussr:R148_Object_430_U,1,0,0,0,0,1,,,,0.0,1.0
114_czech,布拉格,ussr:R88_Object268,1,0,0,0,0,1,,,,0.0,1.0
115_sweden_comp7_nb,冰川之地: 夜间,poland:Pl21_CS_63,1,0,0,0,0,1,,,,0.0,1.0
128_last_frontier_v_comp7_nb,前哨: 夜间,germany:G121_Grille_15_L63,1,0,0,0,0,1,,,,0.0,1.0
128_last_frontier_v_comp7_nb,前哨: 夜间,ussr:R148_Object_430_U,1,0,0,0,0,1,,,,0.0,1.0
28_desert_comp7_nb,荒漠小镇: 夜间,japan:J40_Type_71,1,0,0,0,0,1,,,,0.0,1.0
29_el_hallouf,埃里-哈罗夫,france:F64_AMX_50Fosh_B,1,0,0,0,0,1,,,,0.0,1.0
29_el_hallouf,埃里-哈罗夫,ussr:R148_Object_430_U,1,0,0,0,0,1,,,,0.0,1.0
31_airfield,阿拉曼机场,germany:G89_Leopard1,1,0,0,0,0,1,,,,0.0,1.0
95_lost_city_ctf,魅影小镇,germany:G121_Grille_15_L63,1,0,0,0,0,1,,,,0.0,1.0
