map_id,map_name,total,known,wins,losses,draws,unknown,win_rate,wilson_low,wilson_high,all_replays_win_rate_lower,all_replays_win_rate_upper,rest_known_win_rate,fisher_p_low,bh_q_low
04_himmelsdorf,锡默尔斯多夫,20,14,4,10,0,6,0.2857142857142857,0.11721378644576919,0.5464908432989318,0.2,0.5,0.555956678700361,0.04373599118448851,0.9621918060587472
10_hills,湖边的角逐,16,11,4,7,0,5,0.36363636363636365,0.15166471095367573,0.6461988254921511,0.25,0.5625,0.55,0.18183794551706228,0.9782539247726351
35_steppes_comp7_nb,荒蛮之地: 夜间,17,16,6,10,0,1,0.375,0.18481232558863633,0.6135895945449727,0.35294117647058826,0.4117647058823529,0.5527272727272727,0.12955219138110924,0.9782539247726351
05_prohorovka,普罗霍洛夫卡,17,13,5,8,0,4,0.38461538461538464,0.17709707797762575,0.6447710848733431,0.29411764705882354,0.5294117647058824,0.5503597122302158,0.18730823902992702,0.9782539247726351
11_murovanka,穆勒万卡,17,14,6,8,0,3,0.42857142857142855,0.21380798904474121,0.6740935542034926,0.35294117647058826,0.5294117647058824,0.5487364620938628,0.27160585560946815,0.9782539247726351
29_el_hallouf,埃里-哈罗夫,12,9,4,5,0,3,0.4444444444444444,0.18877852109766452,0.733348706504507,0.3333333333333333,0.5833333333333334,0.5460992907801419,0.39387893272315566,0.9782539247726351
14_siegfried_line,齐格菲防线,20,15,7,8,0,5,0.4666666666666667,0.24809535365737387,0.698830199745016,0.35,0.6,0.5471014492753623,0.364120207379073,0.9782539247726351
99_poland,斯杜季昂奇,22,19,9,10,0,3,0.47368421052631576,0.2732980516117956,0.6829219075488682,0.4090909090909091,0.5454545454545454,0.5477941176470589,0.34732292177456797,0.9782539247726351
114_czech,布拉格,15,12,6,6,0,3,0.5,0.2537815976337061,0.7462184023662939,0.4,0.6,0.5448028673835126,0.4931609308364332,0.9782539247726351
18_cliff,海岸争霸,15,10,5,5,0,5,0.5,0.236593090512564,0.7634069094874361,0.3333333333333333,0.6666666666666666,0.5444839857651246,0.5144120090648525,0.9782539247726351
44_north_america,里夫奥克斯,16,15,8,7,0,1,0.5333333333333333,0.30116980025498397,0.7519046463426261,0.5,0.5625,0.5434782608695652,0.5720021585280362,0.9782539247726351
121_lost_paradise_v,牡蛎湾,17,13,7,6,0,4,0.5384615384615384,0.29143795714506004,0.7679393219046169,0.4117647058823529,0.6470588235294118,0.5431654676258992,0.5959003985813813,0.9782539247726351
08_ruinberg,鲁别克,14,10,6,4,0,4,0.6,0.31267376973365824,0.8318196702937638,0.42857142857142855,0.7142857142857143,0.5409252669039146,0.7526750669496023,0.9782539247726351
95_lost_city_ctf,魅影小镇,17,15,9,6,0,2,0.6,0.357468301206246,0.8017550385865841,0.5294117647058824,0.6470588235294118,0.5398550724637681,0.7629698301871883,0.9782539247726351
31_airfield,阿拉曼机场,22,18,11,7,0,4,0.6111111111111112,0.3861904160223791,0.7969475342783638,0.5,0.6818181818181818,0.5384615384615384,0.7996436661358274,0.9782539247726351
115_sweden_comp7_nb,冰川之地: 夜间,17,11,7,4,0,6,0.6363636363636364,0.35380117450784887,0.8483352890463243,0.4117647058823529,0.7647058823529411,0.5392857142857143,0.8263222144808314,0.9782539247726351
06_ensk,安斯克,12,9,6,3,0,3,0.6666666666666666,0.3542021355803963,0.879416181613089,0.5,0.75,0.5390070921985816,0.8641088663295468,0.9782539247726351
128_last_frontier_v_comp7_nb,前哨: 夜间,20,15,10,5,0,5,0.6666666666666666,0.41713547738519774,0.8482367556028526,0.5,0.75,0.5362318840579711,0.8963488133616275,0.9782539247726351
23_westfeld,韦斯特菲尔德,21,17,12,5,0,4,0.7058823529411765,0.4686688993346016,0.8672001038970478,0.5714285714285714,0.7619047619047619,0.5328467153284672,0.952029626387881,0.9782539247726351
127_japort,避风港,15,11,8,3,0,4,0.7272727272727273,0.43435469882387084,0.902539407099751,0.5333333333333333,0.8,0.5357142857142857,0.9439452068359966,0.9782539247726351
28_desert_comp7_nb,荒漠小镇: 夜间,9,8,6,2,0,1,0.75,0.40927543031016883,0.9285207872478909,0.6666666666666666,0.7777777777777778,0.5371024734982333,0.9440689971823314,0.9782539247726351
63_tundra,喀秋莎,18,16,12,4,0,2,0.75,0.5050168346449122,0.8981793250878696,0.6666666666666666,0.7777777777777778,0.5309090909090909,0.9782539247726351,0.9782539247726351
